Localidad;Departamento;Provincia;POBLACION CENSO 2010;Estado
1° de Mayo;Cainguás;Misiones;423;Conectado
2 de Mayo _Nucleo 1;Cainguás;Misiones;6829;Conectado
2 de Mayo _Nucleo 2;Cainguás;Misiones;0;Conectado
2 de Mayo _Nucleo 3;Cainguás;Misiones;776;Conectado
20 de Septiembre;Nogoyá;Entre Rios;187;Conectado
25 de Mayo;Puelén;La Pampa;3878;Conectado
25 de Mayo..;25 de Mayo;Buenos Aires;1510;Conectado
25 de Mayo..;San Rafael;Mendoza;8749;Conectado
9 de Julio;9 de Julio;San Juan;37169;Conectado
9 de Julio..;9 de Julio;Buenos Aires;3860;Conectado
Aaron Castellanos;General López;Santa Fe;242;Conectado
Abasto Silica;La Plata;Buenos Aires;7139;Conectado
Abra Grande;Banda;Santiago del Estero;145;Conectado
Abra Pampa;Cochinoca;Jujuy;8901;Conectado
Acevedo;Pergamino;Buenos Aires;1539;Conectado
Acheral;Monteros;Tucuman;2802;Conectado
Adelia Maria;Río Cuarto;Cordoba;7863;Conectado
Aerolito;Moreno;Santiago del Estero;267;Conectado
Aguada Cecilio;Valcheta;Rio Negro;189;Conectado
Aguada de Guerra;25 de Mayo;Rio Negro;138;Conectado
Aguaray;Gral.J. de San Martín;Salta;11071;Conectado
Aguas Blancas;Orán;Salta;2538;Conectado
Aguilares;Rio Chico;Tucuman;34126;Conectado
Agustin Roca;Junin;Buenos Aires;334;Conectado
Agustina;Junin;Buenos Aires;156;Conectado
Aimogasta;Arauco;La Rioja;13008;Conectado
Alberdi Viejo;Leandro N. Alem;Buenos Aires;322;Conectado
Alcaraz _Pueblo Arrua;La Paz;Entre Rios;2531;Conectado
Alcira Gigena;Río Cuarto;Cordoba;6135;Conectado
Aldea Asuncion;Gualeguay;Entre Rios;273;Conectado
Aldea Brasilera;Diamante;Entre Rios;918;Conectado
Aldea Maria Luisa;Paraná;Entre Rios;798;Conectado
Aldea Protestante;Diamante;Entre Rios;532;Conectado
Aldea Salto;Diamante;Entre Rios;105;Conectado
Aldea San Antonio;Gualeguaychú;Entre Rios;1135;Conectado
Aldea San Francisco;Diamante;Entre Rios;43;Conectado
Aldea San Isidro;Federal;Entre Rios;353;Conectado
Aldea San Juan;Gualeguaychú;Entre Rios;186;Conectado
Aldea San Rafael;Paraná;Entre Rios;149;Conectado
Aldea Santa Maria;Paraná;Entre Rios;312;Conectado
Aldea Santa Rosa;Paraná;Entre Rios;73;Conectado
Aldea Spatzenkutter;Diamante;Entre Rios;364;Conectado
Aldea Valle Maria;Diamante;Entre Rios;2204;Conectado
Alfredo Demarchi _Est F Quiroga;9 de Julio;Buenos Aires;1946;Conectado
Algarrobo del Aguila;Chical Co;La Pampa;319;Conectado
Alhuampa;Moreno;Santiago del Estero;505;Conectado
Almafuerte.;Tercero Arriba;Cordoba;309;Conectado
Alpasinche;San Blas de Los Sauces;La Rioja;4114;Conectado
Altamirano Sur;Tala;Entre Rios;62;Conectado
Alto Rio Senguer;Río Senguer;Chubut;1543;Conectado
Alto Verde;Chicligasta;Tucuman;2429;Conectado
Amadores;Paclín;Catamarca;170;Conectado
Amaicha del Valle;Tafí del Valle;Tucuman;1377;Conectado
Amenabar;General López;Santa Fe;1644;Conectado
America;Rivadavia;Buenos Aires;12322;Conectado
Angastaco;San Carlos;Salta;812;Conectado
Angulos;Famatina;La Rioja;122;Conectado
Animana;San Carlos;Salta;1259;Conectado
Antaje;Banda;Santiago del Estero;221;Conectado
Antelo;Victoria;Entre Rios;216;Conectado
Añatuya;General Taboada;Santiago del Estero;23740;Conectado
Aranguren;Nogoyá;Entre Rios;1575;Conectado
Arcadia;Chicligasta;Tucuman;2150;Conectado
Ardiles;Banda;Santiago del Estero;214;Conectado
Ariel;Azul;Buenos Aires;16;Conectado
Aristobulo del Valle;Cainguás;Misiones;13179;Conectado
Armstrong;Belgrano;Santa Fe;11634;Conectado
Arocena;San Jerónimo;Santa Fe;1645;Conectado
Arraga;;Santiago del Estero;1144;Conectado
Arrayanal;San Pedro;Jujuy;879;Conectado
Arrecifes ;Arrecifes;Buenos Aires;27258;Conectado
Arribeños;General Arenales;Buenos Aires;2913;Conectado
Arroyito;San Justo;Cordoba;97;Conectado
Arroyito.;Confluencia;Neuquen;23088;Conectado
Arroyo Corto;Saavedra;Buenos Aires;527;Conectado
Arroyo de La Cruz;Exhaltación de la Cruz;Buenos Aires;271;Conectado
Arroyo Dulce;Salto;Buenos Aires;1817;Conectado
Arroyo Seco;Rosario;Santa Fe;21280;Conectado
Arrufo;San Cristóbal;Santa Fe;1818;Conectado
Ataliva;Castellanos;Santa Fe;1762;Conectado
Ataliva Roca;Utracan;La Pampa;715;Conectado
Avellaneda..;Ischilín;Cordoba;349873;Conectado
Averias;General Taboada;Santiago del Estero;378;Conectado
Avia Terai;Independencia;Chaco;6473;Conectado
Ayacucho;Ayacucho;Buenos Aires;17659;Conectado
Azcuenaga;San Andrés de Giles;Buenos Aires;329;Conectado
Azucena;San Andrés de Giles;Buenos Aires;0;Conectado
Azul;Azul;Buenos Aires;56731;Conectado
Bahia Blanca;Bahía Blanca;Buenos Aires;299921;Conectado
Baigorrita;General Viamonte;Buenos Aires;1871;Conectado
Bajada del Agrio;Picunches;Neuquen;829;Conectado
Bajo Caracoles II;Río Chico;Santa Cruz;46;Conectado
Bajo Carrizal;Famatina;La Rioja;144;Conectado
Balcarce;Balcarce;Buenos Aires;39182;Conectado
Ballesteros;Unión;Cordoba;4036;Conectado
Bananal;Ledesma;Jujuy;717;Conectado
Bandera;Belgrano;Santiago del Estero;7069;Conectado
Bandera Bajada;Figueroa;Santiago del Estero;973;Conectado
Banderalo;General Villegas;Buenos Aires;1383;Conectado
Baradero;Baradero;Buenos Aires;30078;Conectado
Barcena;Tumbaya;Jujuy;141;Conectado
Barda del Medio;General Roca;Rio Negro;1766;Conectado
Bardas Blancas;Malargüe;Mendoza;66;Conectado
Barrancas;San Jerónimo;Santa Fe;4757;Conectado
Barrio Alto del Olvido;Lavalle;Mendoza;285;Conectado
Barrio Casa Rosada;Famaillá;Tucuman;1207;Conectado
Barrio Colinas Verdes;General Pueyrredón;Buenos Aires;121;Conectado
Barrio Colonia Conesa;Conesa;Rio Negro;137;Conectado
Barrio El Coyunco;General Pueyrredón;Buenos Aires;374;Conectado
Barrio El Pilar;Bariloche;Rio Negro;577;Conectado
Barrio El Portal cambia por Ing. Fronteritas;Famaillá;Tucuman;;Conectado
Barrio El Taladro;Cañuelas;Buenos Aires;172;Conectado
Barrio Jocoli II;Lavalle;Mendoza;175;Conectado
Barrio Justo P. Castro Iv;Caucete;San Juan;631;Conectado
Barrio La Gloria;General Pueyrredón;Buenos Aires;435;Conectado
Barrio La Palmera;Lavalle;Mendoza;146;Conectado
Barrio La Pega;Lavalle;Mendoza;420;Conectado
Barrio La Union;El Carmen;Jujuy;751;Conectado
Barrio Lomas Altas;Chascomús;Buenos Aires;64;Conectado
Barrio Martinez Saravia;Gral.J. de San Martín;Salta;13774;Conectado
Barrio Mitre;;Santa Fe;835;Conectado
Barrio Sadop;San Martín;San Juan;771;Conectado
Barrio Santa Paula;General Pueyrredón;Buenos Aires;675;Conectado
Barrio Virgen del Rosario;Lavalle;Mendoza;226;Conectado
Bartolome de las Casas;Patiño;Formosa;1167;Conectado
Basavilbaso;Uruguay;Entre Rios;9822;Conectado
Belen;Belén;Catamarca;12826;Conectado
Bell Ville;Unión;Cordoba;34765;Conectado
Bella Italia;Castellanos;Santa Fe;1122;Conectado
Bella Vista;Bella Vista;Corrientes;29827;Conectado
Bellocq;Carlos Casares;Buenos Aires;556;Conectado
Beltran;Robles;Santiago del Estero;6698;Conectado
Benavidez;Tigre;Buenos Aires;35870;Conectado
Benito Juarez;Benito Juarez;Buenos Aires;14572;Conectado
Berdier;Salto;Buenos Aires;188;Conectado
Bermudez;Lincoln;Buenos Aires;73;Conectado
Bernardo de Irigoyen;Gral. Manuel Belgrano;Misiones;7404;Conectado
Berrotaran;Río Cuarto;Cordoba;7120;Conectado
Berutti;Trenque Lauquen;Buenos Aires;1137;Conectado
Betbeder;Nogoyá;Entre Rios;145;Conectado
Bocayuva;Pellegrini;Buenos Aires;82;Conectado
Bonpland;Paso de Los Libres;Corrientes;1055;Conectado
Bouwer;Santa María;Cordoba;656;Conectado
Bovril;La Paz;Entre Rios;8624;Conectado
Bowen;General Alvear;Mendoza;5067;Conectado
Bragado;Bragado;Buenos Aires;33670;Conectado
Bulnes;Río Cuarto;Cordoba;1089;Conectado
Bustinza;Iriondo;Santa Fe;1108;Conectado
Buta Ranquil;Pehuenches;Neuquen;3359;Conectado
Caa - Yari;Leandro N. Alem;Misiones;127;Conectado
Cachi;Cachi;Salta;2623;Conectado
Cafayate;Cafayate;Salta;15479;Conectado
Caimancito;Ledesma;Jujuy;5549;Conectado
Caleta Olivia;Deseado;Santa Cruz;64020;Conectado
Calilegua;Ledesma;Jujuy;6237;Conectado
Campamento Vespucio;Gral.J. de San Martín;Salta;1628;Conectado
Campamento Vialidad Nacional;Caleu Caleu;La Pampa;2429;Conectado
Campana;Campana;Buenos Aires;92462;Conectado
Campanas;Famatina;La Rioja;856;Conectado
Campichuelo;Gral.J. de San Martín;Salta;362;Conectado
Campo de Herrera;Famaillá;Tucuman;942;Conectado
Campo Gallo;Alberdi;Santiago del Estero;6549;Conectado
Campo Grande;Cainguás;Misiones;6973;Conectado
Campo Ramon;Oberá;Misiones;1312;Conectado
Campo Viera;Oberá;Misiones;7539;Conectado
Canal 5 Puerto Iguazu;Puerto Iguazu;Misiones;;Conectado
Cangrejillos;Yavi;Jujuy;194;Conectado
Cañada de Gomez;Iriondo;Santa Fe;29468;Conectado
Cañada Escobar;Banda;Santiago del Estero;284;Conectado
Cañada Ombu;Vera;Santa Fe;519;Conectado
Cañada Seca;General Villegas;Buenos Aires;742;Conectado
Cañada Xii;Formosa;Formosa;0;Conectado
Cañadon Seco;Deseado;Santa Cruz;1088;Conectado
Cañuelas;Cañuelas;Buenos Aires;33256;Conectado
Capiazuti;Gral.J. de San Martín;Salta;246;Conectado
Capilla de Los Remedios;Río Primero;Cordoba;837;Conectado
Capilla del Señor;Exaltacion de La Cruz;Buenos Aires;10321;Conectado
Capitan Bermudez;San Lorenzo;Santa Fe;30781;Conectado
Capitan Juan Page;Rivadavia;Salta;225;Conectado
Capitan Sarmiento;Capitán Sarmiento;Buenos Aires;13926;Conectado
Carboncito;Gral.J. de San Martín;Salta;565;Conectado
Carcaraña;San Lorenzo;Santa Fe;17148;Conectado
Cardenal Cagliero;Patagones;Buenos Aires;93;Conectado
Carhue;Adolfo Alsina;Buenos Aires;9906;Conectado
Carlos Keen;Luján;Buenos Aires;593;Conectado
Carlos Maria Naon;9 de Julio;Buenos Aires;506;Conectado
Carlos Tejedor;Carlos Tejedor;Buenos Aires;5186;Conectado
Carmen de Areco;Carmen de Areco;Buenos Aires;13094;Conectado
Carmen de Patagones;Patagones;Buenos Aires;21365;Conectado
Carmensa;General Alvear;Mendoza;965;Conectado
Carnerillo;Juárez Celman;Cordoba;1964;Conectado
Caseros;Uruguay;Entre Rios;2017;Conectado
Caseros Centro;Santa María;Cordoba;260;Conectado
Casira;Santa Catalina;Jujuy;166;Conectado
Caspichango;Santa María;Catamarca;39;Conectado
Castilla;Chacabuco;Buenos Aires;714;Conectado
Catriel;General Roca;Rio Negro;18806;Conectado
Catrilo;Catriló;La Pampa;4121;Conectado
Caucete;Caucete;San Juan;30212;Conectado
Cazon;Saladillo;Buenos Aires;218;Conectado
Centenario;Confluencia;Neuquen;35431;Conectado
Ceres;San Cristóbal;Santa Fe;14941;Conectado
Cerrito;Paraná;Entre Rios;5480;Conectado
Cerro Azul;Leandro N. Alem;Misiones;3174;Conectado
Cerro Negro;Tinogasta;Catamarca;24;Conectado
Chacabuco;Chacabuco;Buenos Aires;39801;Conectado
Chajan;Río Cuarto;Cordoba;795;Conectado
Chajari;Federación;Entre Rios;35058;Conectado
Chalican;Ledesma;Jujuy;1104;Conectado
Chamical;Chamical;La Rioja;13294;Conectado
Chañar Punco;Santa María;Catamarca;1752;Conectado
Chañarmuyo;Famatina;La Rioja;257;Conectado
Charadai;Tapenagá;Chaco;1502;Conectado
Chascomus;Chascomús;Buenos Aires;35187;Conectado
Chasico;Tornquist;Buenos Aires;211;Conectado
Chaupi Pozo;Banda;Santiago del Estero;403;Conectado
Chepes;Rosario Vera Peñaloza;La Rioja;11354;Conectado
Chilecito;San Carlos;Mendoza;36591;Conectado
Chilecito.;Chilecito;La Rioja;1111;Conectado
Chivilcoy;Chivilcoy;Buenos Aires;59780;Conectado
Chorriaca;Loncopué;Neuquen;418;Conectado
Chos Malal;Chos Malal;Neuquen;13589;Conectado
Chucul;Río Cuarto;Cordoba;304;Conectado
Chucul Silica;Río Cuarto;Cordoba;315;Conectado
Chuña;Ischilín;Cordoba;561;Conectado
Ciénaga de Paicone;Santa Catalina;Jujuy;100;Conectado
Cieneguillas;Santa Catalina;Jujuy;271;Conectado
Clemente Onelli;25 de Mayo;Rio Negro;125;Conectado
Clodomira;Banda;Santiago del Estero;10183;Conectado
Clorinda;Pilcomayo;Formosa;55162;Conectado
Colalao del Valle;Tafí del Valle;Tucuman;656;Conectado
Colmena;Vera;Santa Fe;141;Conectado
Colonia Aborigen;25 de Mayo;Chaco;1298;Conectado
Colonia Benitez;1º de Mayo;Chaco;2356;Conectado
Colonia Bossi;San Cristóbal;Santa Fe;114;Conectado
Colonia El Simbolar;Robles;Santiago del Estero;4426;Conectado
Colonia Ensayo;Diamante;Entre Rios;262;Conectado
Colonia Julia y Echarren;Pichi Mahuida;Rio Negro;939;Conectado
Colonia Las Heras;Deseado;Santa Cruz;18712;Conectado
Colonia Mayo-Barrio Milagrosa;Cruz Alta;Tucuman;960;Conectado
Colonia Peña;Federación;Entre Rios;62;Conectado
Colonia Popular;Libertad;Chaco;203;Conectado
Colonia Raquel;Castellanos;Santa Fe;129;Conectado
Colonia San Jose;Tilcara;Jujuy;300;Conectado
Colonia San Martin;Saavedra;Buenos Aires;94;Conectado
Colonia Santa Maria.;Federación;Entre Rios;66;Conectado
Colonia Santa Maria..;Utracan;La Pampa;292;Conectado
Colonia Santa Rosa;Orán;Salta;16488;Conectado
Colonia Wanda;Iguazú;Misiones;15541;Conectado
Comallo;Pilcaniyeu;Rio Negro;1658;Conectado
Comandante Andresito;Gral. Manuel Belgrano;Misiones;13095;Conectado
Concepcion;Chicligasta;Tucuman;4318;Conectado
Concepcion del Bermejo;Almirante Brown;Chaco;5766;Conectado
Concepcion del Uruguay;Uruguay;Entre Rios;75103;Conectado
Concordia;Concordia;Entre Rios;155503;Conectado
Condor Huasi;Belén;Catamarca;266;Conectado
Conesa;San Nicolas;Buenos Aires;2126;Conectado
Conscripto Bernardi;Federal;Entre Rios;1360;Conectado
Coranzuli;Susques;Jujuy;340;Conectado
Cordoba;Capital;Cordoba;1383163;Conectado
Coronda;San Jerónimo;Santa Fe;17261;Conectado
Coronel Baigorria;Río Cuarto;Cordoba;1509;Conectado
Coronel Cornejo;Gral.J. de San Martín;Salta;2842;Conectado
Coronel Juan Sola;Rivadavia;Salta;4971;Conectado
Coronel Moldes;Río Cuarto;Cordoba;4198;Conectado
Coronel Suarez;Coronel Suarez;Buenos Aires;24105;Conectado
Corralito;Tercero Arriba;Cordoba;1743;Conectado
Correa;Iriondo;Santa Fe;5844;Conectado
Corrientes;Capital;Corrientes;361746;Conectado
Costa de Araujo;Lavalle;Mendoza;3017;Conectado
Cote Lai;Tapenagá;Chaco;1308;Conectado
Country Club El Casco;Zárate;Buenos Aires;481;Conectado
Coyaguayma;Rinconada;Jujuy;86;Conectado
Crespo;Paraná;Entre Rios;20161;Conectado
Crotto;Tapalque;Buenos Aires;260;Conectado
Cruce Caballero;San Pedro;Misiones;471;Conectado
Cruz de Los Milagros;Lavalle;Corrientes;150;Conectado
Cruz del Eje;Cruz del Eje;Cordoba;32613;Conectado
Cuatro Esquinas;Rosario;Santa Fe;180;Conectado
Cucullu;San Andrés de Giles;Buenos Aires;580;Conectado
Curamalal;Coronel Suarez;Buenos Aires;97;Conectado
Curaru;Carlos Tejedor;Buenos Aires;423;Conectado
Curupayti;San Cristóbal;Santa Fe;227;Conectado
Cusi Cusi;Santa Catalina;Jujuy;230;Conectado
Daireaux;Daireaux;Buenos Aires;12516;Conectado
Dalmacio Velez;Tercero Arriba;Cordoba;1511;Conectado
De Bary;Pellegrini;Buenos Aires;62;Conectado
Dean Funes;Ischilín;Cordoba;21635;Conectado
Del Carril;Saladillo;Buenos Aires;1324;Conectado
Del Viso;Pilar;Buenos Aires;;Conectado
Delfin Gallo;Cruz Alta;Tucuman;9327;Conectado
Derqui;Pilar;Buenos Aires;;Conectado
Despeñaderos;Santa María;Cordoba;6164;Conectado
Desvio Arijon;San Jerónimo;Santa Fe;968;Conectado
Devoto;San Justo;Cordoba;6314;Conectado
Diamante;Diamante;Entre Rios;19630;Conectado
Diego de Alvear;General Lopez;Santa Fe;1900;Conectado
Diego Gaynor;Exaltacion de La Cruz;Buenos Aires;263;Conectado
Dina Huapi;Pilcaniyeu;Rio Negro;3842;Conectado
Don Cristobal;Nogoyá;Entre Rios;29;Conectado
Don Emilio;San Pedro;Jujuy;458;Conectado
Donadeu;Alberdi;Santiago del Estero;588;Conectado
Dragones;Gral.J. de San Martín;Salta;1892;Conectado
Duggan;San Antonio de Areco;Buenos Aires;597;Conectado
Durazno;Tala;Entre Rios;293;Conectado
Egusquiza;Castellanos;Santa Fe;293;Conectado
El Acheral;San Pedro;Jujuy;253;Conectado
El Bolson;Bariloche;Rio Negro;18904;Conectado
El Cabure;Copo;Santiago del Estero;797;Conectado
El Calafate;Lago Argentino;Santa Cruz;29271;Conectado
El Chacho;Minas;Cordoba;152;Conectado
El Charco;Jiménez;Santiago del Estero;186;Conectado
El Chocon;Confluencia;Neuquen;458;Conectado
El Cimarron;Federal;Entre Rios;634;Conectado
El Dean;Capital;Santiago del Estero;685;Conectado
El Desmonte;Santa María;Catamarca;145;Conectado
El Dorado;Leandro N. Alem;Buenos Aires;322;Conectado
El Foyel;Bariloche;Rio Negro;172;Conectado
El Fuertecito;San Justo;Cordoba;310;Conectado
El Galpon;Metán;Salta;5771;Conectado
El Hoyo;Cushamen;Chubut;1640;Conectado
El Juncal;Adolfo Alsina;Rio Negro;89;Conectado
El Medano;Jáchal;San Juan;98;Conectado
El Mollar cambia por San Antonio;Tafí del Valle;Tucuman;1978;Conectado
El Nihuil;San Rafael;Mendoza;1073;Conectado
El Palenque;Paraná;Entre Rios;160;Conectado
El Paraiso;Ramallo;Buenos Aires;451;Conectado
El Pingo;Paraná;Entre Rios;791;Conectado
El Portezuelo;Valle Viejo;Catamarca;441;Conectado
El Pueblito;Tinogasta;Catamarca;58;Conectado
El Puesto;San Pedro;Jujuy;202;Conectado
El Quebrachal;Anta;Salta;7033;Conectado
El Rincon;Caucete;San Juan;137;Conectado
El Salado;Tinogasta;Catamarca;571;Conectado
El Sauzal cambia por Iltico;Río Hondo;Santiago del Estero;743;Conectado
El Socorro - Villa Angelica;Pergamino;Buenos Aires;1201;Conectado
El Solar;La Paz;Entre Rios;195;Conectado
El Sombrero;Empedrado;Corrientes;716;Conectado
El Sosneado;San Rafael;Mendoza;68;Conectado
El Talar;Santa Bárbara;Jujuy;2953;Conectado
El Tunal;Metán;Salta;;Conectado
El Vergel;Lavalle;Mendoza;388;Conectado
Embarcacion;Gral.J. de San Martín;Salta;22167;Conectado
Emilio Ayarza;Chivilcoy;Buenos Aires;89;Conectado
Emilio V. Bunge;General Villegas;Buenos Aires;2052;Conectado
Empalme Villa Constitucion;Constitución;Santa Fe;6388;Conectado
Empedrado;Empedrado;Corrientes;9378;Conectado
Enrique Carbo;Gualeguaychú;Entre Rios;780;Conectado
Epuyen;Cushamen;Chubut;1153;Conectado
Esperanza;Güer Aike;Santa Cruz;42192;Conectado
Esperanza.;Las Colonias;Santa Fe;142;Conectado
Esquel;Futaleufú;Chubut;34720;Conectado
Esquina;Esquina;Corrientes;193;Conectado
Estacion Araoz;Leales;Tucuman;1365;Conectado
Estacion Arroyo Cle;Tala;Entre Rios;118;Conectado
Estacion Atamisqui;Atamisqui;Santiago del Estero;442;Conectado
Estacion Camps;Diamante;Entre Rios;175;Conectado
Estacion Lazo;Gualeguay;Entre Rios;182;Conectado
Estacion Raices;Villaguay;Entre Rios;139;Conectado
Estacion Saguier;Castellanos;Santa Fe;110;Conectado
Estacion Sosa;Paraná;Entre Rios;511;Conectado
Estacion Taboada;San Martin;Santiago del Estero;1569;Conectado
Estacion Tacañitas;General Taboada;Santiago del Estero;1081;Conectado
Estancia San Pedro;Uruguay;Entre Rios;67;Conectado
Eugenio Bustos;San Carlos;Mendoza;6013;Conectado
Famailla;Famaillá;Tucuman;24254;Conectado
Famatanca;Santa María;Catamarca;595;Conectado
Faustino M. Parera;Gualeguaychú;Entre Rios;164;Conectado
Federal;Federal;Entre Rios;16332;Conectado
Fernandez;Robles;Santiago del Estero;13588;Conectado
Fighiera;Rosario;Santa Fe;4163;Conectado
Fontana;San Fernando;Chaco;33132;Conectado
Fontezuela;Pergamino;Buenos Aires;375;Conectado
Formosa;Formosa;Formosa;235115;Conectado
Fortin Inca;Belgrano;Santiago del Estero;527;Conectado
Fortin Tiburcio;Junin;Buenos Aires;259;Conectado
Fraile Pintado;Ledesma;Jujuy;13832;Conectado
Francisco Madero;Pehuajo;Buenos Aires;1414;Conectado
Franck;Las Colonias;Santa Fe;5370;Conectado
Franklin;San Andrés de Giles;Buenos Aires;92;Conectado
Fray Luis Beltran;San Lorenzo;Santa Fe;5024;Conectado
Freitas San Pedro;Federación;Entre Rios;277;Conectado
Frias;Choya;Santiago del Estero;27022;Conectado
Frontera;Castellanos;Santa Fe;11035;Conectado
Fuerte Quemado;Santa María;Catamarca;463;Conectado
Funes;Rosario;Santa Fe;24026;Conectado
Gahan;Salto;Buenos Aires;687;Conectado
Gaona;Anta;Salta;2026;Conectado
Garabato;Vera;Santa Fe;997;Conectado
General Almada;Gualeguaychú;Entre Rios;150;Conectado
General Alvear;General Alvear;Mendoza;9915;Conectado
General Alvear.;Diamante;Entre Rios;30687;Conectado
General Alvear..;General Alvear;Buenos Aires;449;Conectado
General Arenales;General Arenales;Buenos Aires;4325;Conectado
General Ballivian;Gral.J. de San Martín;Salta;2203;Conectado
General Belgrano;General Belgrano;Buenos Aires;16387;Conectado
General Cabrera;Juárez Celman;Cordoba;12344;Conectado
General Campos;San Salvador;Entre Rios;3109;Conectado
General Conesa;Conesa;Rio Negro;5824;Conectado
General Daniel Cerri;Bahia Blanca;Buenos Aires;6944;Conectado
General Enrique Mosconi;Gral.J. de San Martín;Salta;16060;Conectado
General Fotheringham;Tercero Arriba;Cordoba;316;Conectado
General Galarza;Gualeguay;Entre Rios;4926;Conectado
General Juan Madariaga;General Madariaga;Buenos Aires;18813;Conectado
General La Madrid;General La Madrid;Buenos Aires;8000;Conectado
General Lagos;Rosario;Santa Fe;3528;Conectado
General Levalle;Presidente Roque Sáenz Peña;Cordoba;5831;Conectado
General Paz;Colón;Cordoba;2229;Conectado
General Racedo;Diamante;Entre Rios;540;Conectado
General Ramirez;Diamante;Entre Rios;9094;Conectado
General Rivas;Suipacha;Buenos Aires;510;Conectado
General Rodriguez;General Rodriguez;Buenos Aires;97387;Conectado
General Rojo;San Nicolas;Buenos Aires;2535;Conectado
General Vedia;Bermejo;Chaco;1839;Conectado
General Villegas;General Villegas;Buenos Aires;18878;Conectado
Gilbert;Gualeguaychú;Entre Rios;1036;Conectado
Gobernador Castro;San Pedro;Buenos Aires;2697;Conectado
Gobernador Costa;Tehuelches;Chubut;2302;Conectado
Gobernador Echague;Tala;Entre Rios;200;Conectado
Gobernador Febre;Nogoyá;Entre Rios;127;Conectado
Gobernador Gregores;Río Chico;Santa Cruz;6213;Conectado
Gobernador Lopez;Leandro N. Alem;Misiones;1051;Conectado
Gobernador Mansilla;Tala;Entre Rios;2037;Conectado
Gobernador Sola;Tala;Entre Rios;489;Conectado
Golondrina;Vera;Santa Fe;564;Conectado
Gorostiaga;Chivilcoy;Buenos Aires;333;Conectado
Gowland;Mercedes;Buenos Aires;1788;Conectado
Goya;Goya;Corrientes;72680;Conectado
Gramilla;Río Hondo;Santiago del Estero;427;Conectado
Gran China;Jáchal;San Juan;492;Conectado
Gran Guardia;Formosa;Formosa;969;Conectado
Granadero Baigorria;Rosario;Santa Fe;38178;Conectado
Granadero Gatica;Moreno;Santiago del Estero;0;Conectado
Gualeguay;Gualeguay;Entre Rios;42087;Conectado
Gualeguaychu;Gualeguaychú;Entre Rios;83839;Conectado
Guamini;Guamini;Buenos Aires;2918;Conectado
Guandacol;Coronel Felipe Varela;La Rioja;2488;Conectado
Guardamonte;Tala;Entre Rios;101;Conectado
Guardia Escolta;Belgrano;Santiago del Estero;967;Conectado
Guerrico;Pergamino;Buenos Aires;795;Conectado
Hasse;Moreno;Santiago del Estero;372;Conectado
Henderson;Hipolito Yrigoyen;Buenos Aires;9021;Conectado
Hernan Mejia Miraval;2 de Abril;Santiago del Estero;167;Conectado
Hernandez;Nogoyá;Entre Rios;1514;Conectado
Hernando Ciudad;Tercero Arriba;Cordoba;10614;Conectado
Hernando Silica;Tercero Arriba;Cordoba;10205;Conectado
Herrera;Uruguay;Entre Rios;1295;Conectado
Herrera Vegas;Hipólito Yrigoyen;Buenos Aires;120;Conectado
Hersilia;San Cristóbal;Santa Fe;2865;Conectado
Hickman;Gral. J. de San Martín;Salta;856;Conectado
Hilario Ascasubi;Villarino;Buenos Aires;3718;Conectado
Hipolito Yrigoyen (Iturbe);Humahuaca;Jujuy;367;Conectado
Huacalera;Tilcara;Jujuy;779;Conectado
Huaco;Jáchal;San Juan;1479;Conectado
Hualfin;Belén;Catamarca;1033;Conectado
Huancar;Susques;Jujuy;136;Conectado
Humahuaca;Humahuaca;Jujuy;10441;Conectado
Humboldt;Las Colonias;Santa Fe;4203;Conectado
Huyamampa;Banda;Santiago del Estero;137;Conectado
Ibarreta;Patiño;Formosa;9702;Conectado
Ing. Guillermo N. Juarez;Matacos;Formosa;13438;Conectado
Ingeniero Forres;Robles;Santiago del Estero;5761;Conectado
Ingeniero Gustavo Andre;Lavalle;Mendoza;309;Conectado
Ingeniero Jacobacci;25 de Mayo;Rio Negro;6878;Conectado
Ingeniero Miguel Sajaroff;Villaguay;Entre Rios;401;Conectado
Ingeniero Thompson;Tres Lomas;Buenos Aires;163;Conectado
Intiyaco;Vera;Santa Fe;1134;Conectado
Irala;Bragado;Buenos Aires;405;Conectado
Irazusta;Gualeguaychú;Entre Rios;310;Conectado
Iriarte;General Pinto;Buenos Aires;816;Conectado
Ituzaingo;Ituzaingó;Corrientes;19761;Conectado
Jacipunco;Belén;Catamarca;378;Conectado
Jaime Prats;San Rafael;Mendoza;436;Conectado
Jesus Maria;Colón;Cordoba;36595;Conectado
Joaquin V. Gonzalez;Anta;Salta;17570;Conectado
Jocoli;Las Heras;Mendoza;849;Conectado
Jorge Born Ex Tomas Jofre;Mercedes;Buenos Aires;201;Conectado
Jose de San Martin;Tehuelches;Chubut;1648;Conectado
Josefina;Castellanos;Santa Fe;709;Conectado
Juan A. de La Peña;Pergamino;Buenos Aires;217;Conectado
Juan A. Pradere;Patagones;Buenos Aires;542;Conectado
Juan Anchorena;Pergamino;Buenos Aires;1002;Conectado
Juan Bautista Alberdi;Leandro N. Alem;Buenos Aires;19093;Conectado
Juan Bautista Alberdi;Paclín;Tucuman;3450;Conectado
Juan Jorba;General Pedernera;San Luis;215;Conectado
Juan Jose Paso;Pehuajo;Buenos Aires;2215;Conectado
Juan Pujol;Monte Caseros;Corrientes;1402;Conectado
Jubileo;Villaguay;Entre Rios;634;Conectado
Juella;Tilcara;Jujuy;219;Conectado
Junin;Junin;Buenos Aires;88340;Conectado
Junin de Los Andes;Huiliches;Neuquen;13624;Conectado
Justo Daract;General Pedernera;San Luis;10824;Conectado
Kilometro 115;Vera;Santa Fe;182;Conectado
Kilometro 658;Río Primero;Cordoba;383;Conectado
Koluel Kaike;Deseado;Santa Cruz;309;Conectado
La Adela;Caleu Caleu;La Pampa;2013;Conectado
La Aurora;9 de Julio;Buenos Aires;776;Conectado
La Aurora;Banda;Santiago del Estero;541;Conectado
La Bajada;Paclin;Catamarca;96;Conectado
La Banda;Banda;Santiago del Estero;595;Conectado
La Buitrera;Picunches;Neuquen;452;Conectado
La Cañada;Figueroa;Santiago del Estero;1712;Conectado
La Cocha;La Cocha;Tucuman;6825;Conectado
La Colina;General La Madrid;Buenos Aires;657;Conectado
La Criolla;Concordia;Entre Rios;1605;Conectado
La Darsena;Banda;Santiago del Estero;1214;Conectado
La Emilia;San Nicolas;Buenos Aires;5479;Conectado
La Escondida;General Donovan;Chaco;3274;Conectado
La Esperanza;San Pedro;Jujuy;2225;Conectado
La Francia;San Justo;Cordoba;3878;Conectado
La Gallareta;Vera;Santa Fe;2193;Conectado
La Gloria;Catriló;La Pampa;48;Conectado
La Intermedia;Yavi;Jujuy;191;Conectado
La Leonesa GNA;Bermejo;Chaco;10067;Conectado
La Llave Nueva;San Rafael;Mendoza;520;Conectado
La Luisa;Capitán Sarmiento;Buenos Aires;245;Conectado
La Mendieta;San Pedro;Jujuy;3737;Conectado
La Merced;Paclín;Catamarca;1738;Conectado
La Paz;La Paz;Entre Rios;1244;Conectado
La Picada;Paraná;Entre Rios;582;Conectado
La Plata;La Plata;Buenos Aires;687831;Conectado
La Quiaca;Yavi;Jujuy;18106;Conectado
La Reduccion;Lules;Tucuman;5522;Conectado
La Rica;Chivilcoy;Buenos Aires;121;Conectado
La Rioja EDT;Capital;La Rioja;199979;Conectado
La Rubia;San Cristóbal;Santa Fe;308;Conectado
La Sabana;Tapenagá;Chaco;239;Conectado
La Torre - El Chiflon;Independencia;La Rioja;32;Conectado
La Viña;Paclín;Catamarca;127;Conectado
Laboulaye;Presidente Roque Sáenz Peña;Cordoba;21017;Conectado
Lago Epuyen;Cushamen;Chubut;435;Conectado
Lago Puelo;Cushamen;Chubut;3475;Conectado
Laguna Alsina;Guamini;Buenos Aires;1720;Conectado
Laguna Blanca;Libertad;Chaco;7737;Conectado
Laguna de Lobos;Lobos;Buenos Aires;532;Conectado
Laguna del Pescado;Victoria;Entre Rios;0;Conectado
Laguna Larga;Río Segundo;Cordoba;7746;Conectado
Laguna Vitel;Chascomús;Buenos Aires;43;Conectado
Laguna Yema;Bermejo;Formosa;3807;Conectado
Lapachito;General Donovan;Chaco;892;Conectado
Laplacette;Junin;Buenos Aires;22;Conectado
Laprida;Laprida;Buenos Aires;9079;Conectado
Laprida;Choya;Santiago del Estero;1214;Conectado
Larroque;Gualeguaychú;Entre Rios;6427;Conectado
Las Armas;Maipu;Buenos Aires;365;Conectado
Las Bajadas;Calamuchita;Cordoba;155;Conectado
Las Catitas;Santa Rosa;Mendoza;3684;Conectado
Las Chacritas;9 de Julio;San Juan;73;Conectado
Las Grutas;San Antonio;Rio Negro;5341;Conectado
Las Guachas;Tala;Entre Rios;66;Conectado
Las Lajas;Picunches;Neuquen;4672;Conectado
Las Lomitas;Patiño;Formosa;12759;Conectado
Las Malvinas;San Rafael;Mendoza;242;Conectado
Las Mojarras;Santa María;Catamarca;968;Conectado
Las Moscas;Uruguay;Entre Rios;397;Conectado
Las Palmas;Bermejo;Chaco;44;Conectado
Las Parejas;Belgrano;Santa Fe;12876;Conectado
Las Perdices;Tercero Arriba;Cordoba;5132;Conectado
Las Rosas;Belgrano;Santa Fe;13597;Conectado
Las Talas - Los Medanos;Caucete;San Juan;862;Conectado
Las Toninas;La Costa;Buenos Aires;5676;Conectado
Las Vertientes;Río Cuarto;Cordoba;794;Conectado
Las Violetas;Lavalle;Mendoza;93;Conectado
Lavalle;Lavalle;Corrientes;1575;Conectado
Lazzarino;General Lopez;Santa Fe;359;Conectado
Leandro N Alem;Leandro N. Alem;Buenos Aires;2501;Conectado
Leandro N. Alem;Leandro N. Alem;Misiones;24296;Conectado
Lehmann;Castellanos;Santa Fe;2534;Conectado
Leones;Marcos Juárez;Cordoba;10625;Conectado
Libaros;Uruguay;Entre Rios;238;Conectado
Libertador General San Martin;Ledesma;Jujuy;48508;Conectado
Lima;Zárate;Buenos Aires;10873;Conectado
Lincoln;Lincoln;Buenos Aires;28289;Conectado
Liviara;Rinconada;Jujuy;48;Conectado
Lobos;Lobos;Buenos Aires;31227;Conectado
Logroño;9 de Julio;Santa Fe;647;Conectado
Lomas del Rio Lujan;Campana;Buenos Aires;274;Conectado
Londres;Belén;Catamarca;2570;Conectado
Lonquimay;Catriló;La Pampa;1751;Conectado
Lopez;Benito Juarez;Buenos Aires;141;Conectado
Lopez Lecube;Puan;Buenos Aires;31;Conectado
Loro Huasi;Santa María;Catamarca;1562;Conectado
Los Amores;Vera;Santa Fe;1054;Conectado
Los Angeles;Chacabuco;Buenos Aires;56;Conectado
Los Blancos;Rivadavia;Salta;1131;Conectado
Los Cardozos;Capital;Santiago del Estero;173;Conectado
Los Catutos;Zapala;Neuquen;231;Conectado
Los Charruas;Concordia;Entre Rios;3440;Conectado
Los Condores;Calamuchita;Cordoba;3174;Conectado
Los Conquistadores;Federación;Entre Rios;1261;Conectado
Los Frentones;Almirante Brown;Chaco;5995;Conectado
Los Helechos;Oberá;Misiones;365;Conectado
Los Menucos;25 de Mayo;Rio Negro;5698;Conectado
Los Molinos;Capital;Santa Fe;1867;Conectado
Los Nacimientos;Belén;Catamarca;46;Conectado
Los Nuñez cambia por Concepcion;Río Hondo;Santiago del Estero;596;Conectado
Los Pinos;Balcarce;Buenos Aires;344;Conectado
Los Pirpintos;Copo;Santiago del Estero;1871;Conectado
Los Pozos;Ischilín;Cordoba;93;Conectado
Los Pumas;Vera;Santa Fe;5;Conectado
Los Quiroga;Banda;Santiago del Estero;1123;Conectado
Los Ralos;Cruz Alta;Tucuman;9962;Conectado
Los Soria;Banda;Santiago del Estero;236;Conectado
Los Tigres;Copo;Santiago del Estero;174;Conectado
Los Toldos;General Viamonte;Buenos Aires;14677;Conectado
Los Zazos;Tafí del Valle;Tucuman;0;Conectado
Loventue;Loventué;La Pampa;111;Conectado
Lozada;Santa María;Cordoba;1084;Conectado
Luan Toro;Loventué;La Pampa;688;Conectado
Lucas Gonzalez;Nogoyá;Entre Rios;4375;Conectado
Lucas Monteverde;25 de Mayo;Buenos Aires;64;Conectado
Lucio V Mansilla;Tulumba;Cordoba;797;Conectado
Lujan;Luján;Buenos Aires;103740;Conectado
Macia;Tala;Entre Rios;5844;Conectado
Maciel;San Jerónimo;Santa Fe;5764;Conectado
Magdala;Pehuajo;Buenos Aires;199;Conectado
Maimara;Tilcara;Jujuy;3667;Conectado
Makalle;General Donovan;Chaco;4339;Conectado
Malargüe;Malargüe;Mendoza;23803;Conectado
Malena;Río Cuarto;Cordoba;381;Conectado
Manfredi;Río Segundo;Cordoba;1001;Conectado
Manuel Ocampo;Pergamino;Buenos Aires;1107;Conectado
Maquinchao;25 de Mayo;Rio Negro;2740;Conectado
Mar Azul;Villa Gesell;Buenos Aires;2073;Conectado
Mar Chiquita;Mar Chiquita;Buenos Aires;533;Conectado
Mar de Cobo;Mar Chiquita;Buenos Aires;831;Conectado
Mar del Plata;General Pueyrredón;Buenos Aires;622114;Conectado
Marayes;Caucete;San Juan;106;Conectado
Marcelino Ugarte;9 de Julio;Buenos Aires;77;Conectado
Marcos Juarez;Marcos Juárez;Cordoba;27612;Conectado
Marcos Paz Silica;Marcos Paz;Buenos Aires;56717;Conectado
Margarita;Vera;Santa Fe;3541;Conectado
Maria Grande;Paraná;Entre Rios;7799;Conectado
Mariano Benitez;Pergamino;Buenos Aires;173;Conectado
Mariano Moreno;Zapala;Neuquen;2688;Conectado
Matara;Juan F. Ibarra;Santiago del Estero;1211;Conectado
Mayor Buratovich;Villarino;Buenos Aires;5829;Conectado
Mendoza;Capital;Mendoza;116961;Conectado
Mercedes;Mercedes;Buenos Aires;57715;Conectado
Milagro;General Ocampo;La Rioja;3450;Conectado
Ministerio de Modernizacion;CABA;CABA;2954644;Conectado
Ministro Ramos Mexia;9 de Julio;Rio Negro;970;Conectado
Miraflores.;San Pedro;Jujuy;4924;Conectado
Misarrumi;Rinconada;Jujuy;34;Conectado
Mision Chaqueña;Gral.J. de San Martín;Salta;1385;Conectado
Mision Km 6;Gral.J. de San Martín;Salta;1362;Conectado
Mocoreta;Monte Caseros;Corrientes;6210;Conectado
Moises Ville;San Cristóbal;Santa Fe;2389;Conectado
Molinos;Molinos;Salta;1192;Conectado
Monigotes;San Cristóbal;Santa Fe;358;Conectado
Monje;San Jerónimo;Santa Fe;1880;Conectado
Monte Coman;San Rafael;Mendoza;3675;Conectado
Monte de Los Gauchos;Río Cuarto;Cordoba;700;Conectado
Monte Flores (Barrio Don Manuel);Rosario;Santa Fe;171;Conectado
Monte Quemado;Copo;Santiago del Estero;13572;Conectado
Monte Ralo;Santa María;Cordoba;555;Conectado
Montefiore;9 de Julio;Santa Fe;150;Conectado
Monteros;Monteros;Tucuman;24310;Conectado
Morrison;Unión;Cordoba;3437;Conectado
Morse;Junin;Buenos Aires;568;Conectado
Nahuel Niyeu;Valcheta;Rio Negro;39;Conectado
Napaleufu;Balcarce;Buenos Aires;382;Conectado
Napalpi;25 de Mayo;Chaco;40;Conectado
Navarro;Navarro;Buenos Aires;13753;Conectado
Neuquen;Confluencia;Neuquen;248769;Conectado
Niquivil;Jáchal;San Juan;833;Conectado
Nogoya;Nogoyá;Entre Rios;22881;Conectado
Nonogasta;Chilecito;La Rioja;7527;Conectado
Nuestra Señora de Talavera;Anta;Salta;1429;Conectado
Nueva Esperanza;Pellegrini;Santiago del Estero;78;Conectado
Nueva Francia;Silípica;Santiago del Estero;1099;Conectado
Nueva Plata;Pehuajo;Buenos Aires;210;Conectado
Nuevo Pirquitas;Rinconada;Jujuy;700;Conectado
Nuevo Torino;Las Colonias;Santa Fe;447;Conectado
Obera;Oberá;Misiones;67926;Conectado
OHiggins;Chacabuco;Buenos Aires;1266;Conectado
Olavarria;Olavarria;Buenos Aires;93086;Conectado
Olegario V. Andrade;Leandro N. Alem;Misiones;459;Conectado
Oliva;Tercero Arriba;Cordoba;11783;Conectado
Olivera;Luján;Buenos Aires;2052;Conectado
Oliveros;Iriondo;Santa Fe;3834;Conectado
Oncativo;Río Segundo;Cordoba;13727;Conectado
Open Door;Luján;Buenos Aires;5265;Conectado
Oratorio;Santa Catalina;Jujuy;91;Conectado
Oro Verde;Paraná;Entre Rios;4248;Conectado
Orosmayo;Rinconada;Jujuy;85;Conectado
Osvaldo Magnasco;Concordia;Entre Rios;1291;Conectado
Otumpa;;Santiago del Estero;;Conectado
Padre Lozano;Gral.J. de San Martín;Salta;546;Conectado
Paicone;Santa Catalina;Jujuy;61;Conectado
Palacios;San Cristóbal;Santa Fe;252;Conectado
Palo Labrado;Paclín;Catamarca;220;Conectado
Palos Blancos;San Pedro;Jujuy;83;Conectado
Palpala;Palpalá;Jujuy;52491;Conectado
Pampa de Los Guanacos;Copo;Santiago del Estero;5705;Conectado
Pampa del Infierno;Almirante Brown;Chaco;9842;Conectado
Pampa Vieja;Jáchal;San Juan;753;Conectado
Parada Labougle;Monte Caseros;Corrientes;511;Conectado
Parada Pucheta;Paso de Los Libres;Corrientes;336;Conectado
Paraiso;San Pedro;Misiones;1125;Conectado
Paraje 29;Vera;Santa Fe;185;Conectado
Paraje Cochico;General Alvear;Mendoza;0;Conectado
Paraje La Virgen;Diamante;Entre Rios;61;Conectado
Paraje Pavon ;General Lavalle;Buenos Aires;989;Conectado
Parana;Paraná;Entre Rios;259496;Conectado
Parapeti;San Pedro;Jujuy;898;Conectado
Parque Norte - Ciudad de Los Nidos - Vil;Colón;Cordoba;5996;Conectado
Paso de La Laguna;Villaguay;Entre Rios;350;Conectado
Paso Viejo;Cruz del Eje;Cordoba;1098;Conectado
Pastos Chicos;Susques;Jujuy;106;Conectado
Patquia;Independencia;La Rioja;1816;Conectado
Patricios;9 de Julio;Buenos Aires;759;Conectado
Pavon;Constitución;Santa Fe;897;Conectado
Pavon Arriba;Constitución;Santa Fe;1877;Conectado
Payogasta;Cachi;Salta;533;Conectado
Pedro Luro;Villarino;Buenos Aires;10301;Conectado
Pehuajo;Pehuajo;Buenos Aires;32101;Conectado
Pellegrini;Pellegrini;Buenos Aires;5054;Conectado
Pergamino;Pergamino;Buenos Aires;93867;Conectado
Pergamino SHII;Pergamino;Buenos Aires;93867;Conectado
Perico;El Carmen;Jujuy;48017;Conectado
Perito Moreno;Lago Buenos Aires;Santa Cruz;5554;Conectado
Peru;Guatraché;La Pampa;38;Conectado
Peyrano;Constitución;Santa Fe;2576;Conectado
Pichanal;Orán;Salta;23774;Conectado
Pico Truncado;Deseado;Santa Cruz;25850;Conectado
Picun Leufu;Picun Leufu;Neuquen;3257;Conectado
Piedra del Aguila;Collón Curá;Neuquen;3726;Conectado
Piedritas;General Villegas;Buenos Aires;2231;Conectado
Pigüe;Saavedra;Buenos Aires;14757;Conectado
Pilar;Río Segundo;Cordoba;15347;Conectado
Pilar (Muzilli 1238);Pilar;Buenos Aires;339421;Conectado
Pilcaniyeu;Pilcaniyeu;Rio Negro;838;Conectado
Pinamar;Pinamar;Buenos Aires;28508;Conectado
Piñalito Sur;San Pedro;Misiones;123;Conectado
Piquirenda;Gral.J. de San Martín;Salta;537;Conectado
Pirane;Pirané;Formosa;20416;Conectado
Pituil;Famatina;La Rioja;815;Conectado
Plaza Clucellas;Castellanos;Santa Fe;1605;Conectado
Plaza Huincul;Confluencia;Neuquen;14173;Conectado
Plaza Saguier;Castellanos;Santa Fe;275;Conectado
Pluma de Pato;Rivadavia;Salta;558;Conectado
Polco;Chamical;La Rioja;82;Conectado
Posadas;Capital;Misiones;294555;Conectado
Pozo de los Indios;Vera;Santa Fe;441;Conectado
Pozo Hondo;Jiménez;Santiago del Estero;3395;Conectado
Pozuelos;Río Hondo;Santiago del Estero;717;Conectado
Presidencia de La Plaza;Presidencia de La Plaza;Chaco;9748;Conectado
Presidencia Roque Saenz Peña;Comandante Fernández;Chaco;94376;Conectado
Presidente Roca;Castellanos;Santa Fe;550;Conectado
Profesor Salvador Mazza;Gral.J. de San Martín;Salta;20099;Conectado
Puan;Puan;Buenos Aires;4651;Conectado
Pueblo Bellocq _Las Garzas;La Paz;Entre Rios;296;Conectado
Pueblo Gouin;Carmen de Areco;Buenos Aires;125;Conectado
Pueblo Independencia;Monteros;Tucuman;3687;Conectado
Pueblo Santa Lucia;Vera;Santa Fe;185;Conectado
Puelen;Puelén;La Pampa;396;Conectado
Puente Lavayen;Santa Bárbara;Jujuy;217;Conectado
Puerta de Corral Quemado;Belén;Catamarca;602;Conectado
Puerta de San Jose;Belén;Catamarca;290;Conectado
Puerto Bermejo Nuevo;Bermejo;Chaco;1763;Conectado
Puerto Bermejo Viejo;Bermejo;Chaco;88;Conectado
Puerto Eva Peron;Bermejo;Chaco;620;Conectado
Puerto General San Martin;San Lorenzo;Santa Fe;13952;Conectado
Puerto Iguazu;Iguazú;Misiones;45907;Conectado
Puerto Ruiz;Gualeguay;Entre Rios;361;Conectado
Puesto de San Antonio;Capital;Santiago del Estero;88;Conectado
Puesto Sey;Susques;Jujuy;96;Conectado
Pumahuasi;Yavi;Jujuy;250;Conectado
Punta de Balasto;Santa María;Catamarca;179;Conectado
Punta de Los Llanos;General Angel V. Peñaloza;La Rioja;527;Conectado
Purmamarca;Tumbaya;Jujuy;901;Conectado
Quilino;Ischilín;Cordoba;4174;Conectado
Quimili;Moreno;Santiago del Estero;16143;Conectado
Rafael Garcia;Santa María;Cordoba;594;Conectado
Rafael Obligado;Rojas;Buenos Aires;913;Conectado
Rafaela;Castellanos;Santa Fe;96058;Conectado
Ramallo;Ramallo;Buenos Aires;14198;Conectado
Rancagua;Pergamino;Buenos Aires;714;Conectado
Ranchillos;Cruz Alta;Tucuman;7281;Conectado
Ranchos;General Paz;Buenos Aires;8256;Conectado
Ranquil Norte;Malargüe;Mendoza;752;Conectado
Rapelli;Pellegrini;Santiago del Estero;1336;Conectado
Rauch;Rauch;Buenos Aires;13029;Conectado
Rawson.;Chacabuco;Buenos Aires;112816;Conectado
Real del Padre;San Rafael;Mendoza;3786;Conectado
Recreo;La Paz;Catamarca;12291;Conectado
Resistencia;San Fernando;Chaco;300753;Conectado
Riacho Negro;Pilcomayo;Formosa;752;Conectado
Riachuelo;Capital;Corrientes;2052;Conectado
Rincon de Nogoya;Victoria;Entre Rios;994;Conectado
Rio Chico;Rio Chico;Tucuman;259;Conectado
Rio Colorado;Pichi Mahuida;Rio Negro;11768;Conectado
Rio Colorado;Leales;Tucuman;1118;Conectado
Rio Cuarto EDT;Rio Cuarto;Cordoba;162741;Conectado
Rio Gallegos;Güer Aike;Santa Cruz;106334;Conectado
Rio Mayo;Río Senguer;Chubut;2742;Conectado
Rio Primero;Río Primero;Cordoba;7396;Conectado
Rio Seco;Monteros;Tucuman;5359;Conectado
Rio Tala;San Pedro;Buenos Aires;1877;Conectado
Rio Tercero;Tercero Arriba;Cordoba;46862;Conectado
Rio Villegas;Bariloche;Rio Negro;83;Conectado
Rivera;Adolfo Alsina;Buenos Aires;3299;Conectado
Rocamora;Uruguay;Entre Rios;291;Conectado
Rodeito;San Pedro;Jujuy;1932;Conectado
Rojas;Rojas;Buenos Aires;20023;Conectado
Roldan;San Lorenzo;Santa Fe;14868;Conectado
Roque Perez;Roque Perez;Buenos Aires;11124;Conectado
Rosales;Presidente Roque Sáenz Peña;Cordoba;537;Conectado
Rosario;Rosario;Santa Fe;978658;Conectado
Rosario de Rio Grande;San Pedro;Jujuy;621;Conectado
Rosario del Tala;Tala;Entre Rios;12743;Conectado
Roversi;Moreno;Santiago del Estero;198;Conectado
Rufino;General Lopez;Santa Fe;19186;Conectado
Rumi Punco;La Cocha;Tucuman;1209 ;Conectado
Saavedra;Saavedra;Buenos Aires;2335;Conectado
Saforcada;Junin;Buenos Aires;435;Conectado
Saladillo;Saladillo;Buenos Aires;27900;Conectado
Salliquelo;Salliqueló;Buenos Aires;7602;Conectado
Salto;Salto;Buenos Aires;29100;Conectado
Salto Encantado;Cainguás;Misiones;3773;Conectado
Salvador Maria;Lobos;Buenos Aires;868;Conectado
Sampacho;Río Cuarto;Cordoba;7998;Conectado
San Agustin;Calamuchita;Cordoba;3657;Conectado
San Andres de Giles;San Andrés de Giles;Buenos Aires;17104;Conectado
San Antonio;San Pedro;Jujuy;1579;Conectado
San Antonio;Gral. Manuel Belgrano;Misiones;1579;Conectado
San Antonio de Areco;San Antonio de Areco;Buenos Aires;20608;Conectado
San Antonio de Los Cobres;Los Andes;Salta;4942;Conectado
San Antonio Oeste;San Antonio;Rio Negro;18070;Conectado
San Basilio;Río Cuarto;Cordoba;3275;Conectado
San Benito;Paraná;Entre Rios;9396;Conectado
San Carlos;Ituzaingó;Corrientes;4179;Conectado
San Carlos;San Carlos;Salta;2477;Conectado
San Carlos ;San Carlos;Mendoza;2179;Conectado
San Carlos de Bariloche;Bariloche;Rio Negro;121110;Conectado
San Carlos de Bolivar;Bolívar;Buenos Aires;26951;Conectado
San Fabian;San Jerónimo;Santa Fe;839;Conectado
San Francisco;San Justo;Cordoba;64374;Conectado
San Gregorio;General Lopez;Santa Fe;4396;Conectado
San Gustavo;La Paz;Entre Rios;1332;Conectado
San Isidro de Jachal;Jáchal;San Juan;415;Conectado
San Isidro de Lules;Lules;Tucuman;22142;Conectado
San Jaime de la Frontera;Federación;Entre Rios;4437;Conectado
San Javier;Adolfo Alsina;Rio Negro;9466;Conectado
San Jeronimo Sud;San Lorenzo;Santa Fe;2782;Conectado
San Jose;Apóstoles;Misiones;10836;Conectado
San Jose ;Coronel Suarez;Buenos Aires;1012;Conectado
San Jose de Feliciano;Feliciano;Entre Rios;10457;Conectado
San Jose de Jachal;Jáchal;San Juan;11126;Conectado
San Jose de La Cocha;La Cocha;Tucuman;128;Conectado
San Jose de Las Salinas;Tulumba;Cordoba;675;Conectado
San Jose Villa;Santa María;Catamarca;1546;Conectado
San Juan;Capital;San Juan;107377;Conectado
San Juan de Oros;Santa Catalina;Jujuy;26;Conectado
San Lorenzo;Saladas;Corrientes;2615;Conectado
San Lorenzo;San Lorenzo;Santa Fe;131;Conectado
San Lucas;San Pedro;Jujuy;335;Conectado
San Luis;Juan Martín de Pueyrredón;San Luis;187706;Conectado
San Marcos Sud;Unión;Cordoba;3248;Conectado
San Martin de Los Andes;Lacar;Neuquen;29354;Conectado
San Miguel de Tucuman;Capital;Tucuman;559843;Conectado
San Miguel del Monte;Monte;Buenos Aires;18731;Conectado
San Nicolas;Chilecito;La Rioja;166;Conectado
San Nicolas de Los Arroyos;San Nicolas;Buenos Aires;137476;Conectado
San Pedro;San Pedro;Misiones;11998;Conectado
San Pedro de Jujuy;San Pedro;Jujuy;62088;Conectado
San Pedro GNA;;Jujuy;;Conectado
San Rafael;San Rafael;Mendoza;122906;Conectado
San Rafael SHII;San Rafael;Mendoza;122906;Conectado
San Ramon de La Nueva Oran;Orán;Salta;80596;Conectado
San Salvador;San Salvador;Entre Rios;13223;Conectado
San Salvador de Jujuy;Dr. Manuel Belgrano;Jujuy;272674;Conectado
San Sebastian;Chivilcoy;Buenos Aires;171;Conectado
San Vicente;Guaraní;Misiones;22901;Conectado
San Vicente ;San Vicente;Buenos Aires;705;Conectado
San Victor;Feliciano;Entre Rios;331;Conectado
Sancti Spiritu;General Lopez;Santa Fe;3517;Conectado
Santa Ana;Rio Chico;Tucuman;422;Conectado
Santa Anita;Uruguay;Entre Rios;1229;Conectado
Santa Catalina;Río Cuarto;Cordoba;289;Conectado
Santa Catalina;Santa Catalina;Jujuy;79;Conectado
Santa Clara del Mar;Mar Chiquita;Buenos Aires;8438;Conectado
Santa Fe;Capital;Santa Fe;405441;Conectado
Santa Florentina;Chilecito;La Rioja;140;Conectado
Santa Isabel;Chalileo;La Pampa;2761;Conectado
Santa Lucia;Monteros;Tucuman;12145;Conectado
Santa Lucia.;Lavalle;Corrientes;50588;Conectado
Santa Maria;Santa María;Catamarca;204;Conectado
Santa Maria;Capital;Santiago del Estero;1870;Conectado
Santa Regina;General Villegas;Buenos Aires;572;Conectado
Santa Rosa;Capital;La Pampa;5877;Conectado
Santa Rosa Ciudad;Santa Rosa;Mendoza;7668;Conectado
Santa Rosa de los Leales;Leales;Tucuman;2007;Conectado
Santa Teresa;Constitución;Santa Fe;454;Conectado
Santa Trinidad;Coronel Suarez;Buenos Aires;1504;Conectado
Santiago del Estero;Capital;Santiago del Estero;263793;Conectado
Santiago Temple;Río Segundo;Cordoba;2894;Conectado
Santo Tomas;Collón Curá;Neuquen;222;Conectado
Santo Tome;Capital;Santa Fe;24860;Conectado
Sargento Vidal;General Roca;Rio Negro;871;Conectado
Sarmiento;Totoral;Cordoba;12519;Conectado
Sauce Viejo;Capital;Santa Fe;8243;Conectado
Sauzal;San Pedro;Jujuy;233;Conectado
Seclantas;Molinos;Salta;564;Conectado
Segui;Paraná;Entre Rios;3813;Conectado
Selva;Rivadavia;Santiago del Estero;2878;Conectado
Serrezuela;Cruz del Eje;Cordoba;2595;Conectado
Sierra Colorada;9 de Julio;Rio Negro;1537;Conectado
Sierra de los Padres;General Pueyrredón;Buenos Aires;4455;Conectado
Simbol;Silípica;Santiago del Estero;617;Conectado
Sinsacate;Totoral;Cordoba;1400;Conectado
Sir Leonard;La Paz;Entre Rios;283;Conectado
Socavones;Santa María;Cordoba;282;Conectado
Soldado Maldonado;Monteros;Tucuman;841;Conectado
Solis;San Andrés de Giles;Buenos Aires;1054;Conectado
Stroeder;Patagones;Buenos Aires;2079;Conectado
Suipacha;Suipacha;Buenos Aires;8958;Conectado
Sunchales;Castellanos;Santa Fe;21543;Conectado
Suncho Corral;Juan F. Ibarra;Santiago del Estero;7439;Conectado
Susques;Susques;Jujuy;1647;Conectado
Tabossi;Paraná;Entre Rios;1364;Conectado
Taco Pozo;Almirante Brown;Chaco;8485;Conectado
Tacural;Castellanos;Santa Fe;1226;Conectado
Tafi del Valle;Tafí del Valle;Tucuman;3532;Conectado
Tancacha;Tercero Arriba;Cordoba;5348;Conectado
Tandil;Tandil;Buenos Aires;125451;Conectado
Tapalque;Tapalque;Buenos Aires;7839;Conectado
Tapso;Choya;Santiago del Estero;196;Conectado
Taquimilan;Norquín;Neuquen;562;Conectado
Tartagal;Gral.J. de San Martín;Salta;67209;Conectado
Tecka;Languiñeo;Chubut;1251;Conectado
Telen;Loventué;La Pampa;1238;Conectado
Teniente Berdina;Monteros;Tucuman;947;Conectado
Teniente Origone;Villarino;Buenos Aires;157;Conectado
Teodelina;General Lopez;Santa Fe;6078;Conectado
Termas de Rio Hondo;Río Hondo;Santiago del Estero;33453;Conectado
Tezanos Pintos;Paraná;Entre Rios;198;Conectado
Tilcara;Tilcara;Jujuy;5130;Conectado
Tintina;Moreno;Santiago del Estero;3793;Conectado
Tio Pujio;General San Martín;Cordoba;2785;Conectado
Toba;Vera;Santa Fe;267;Conectado
Tobantirenda;Gral.J. de San Martín;Salta;903;Conectado
Tobuna;San Pedro;Misiones;404;Conectado
Tolloche;Anta;Salta;212;Conectado
Tolombon;Cafayate;Salta;339;Conectado
Tomas Young;General Taboada;Santiago del Estero;464;Conectado
Tornquist;Tornquist;Buenos Aires;6738;Conectado
Tortugas;Belgrano;Santa Fe;2324;Conectado
Tostado;9 de Julio;Santa Fe;14983;Conectado
Tranquitas;Gral.J. de San Martín;Salta;1119;Conectado
Transito;San Justo;Cordoba;237;Conectado
Trenque Lauquen;Trenque Lauquen;Buenos Aires;34629;Conectado
Tres Algarrobos;Carlos Tejedor;Buenos Aires;3206;Conectado
Tres Cruces;Humahuaca;Jujuy;383;Conectado
Tres Lagos;Lago Argentino;Santa Cruz;496;Conectado
Tres Lomas;Tres Lomas;Buenos Aires;8746;Conectado
Tuclame;Cruz del Eje;Cordoba;964;Conectado
Tumbaya;Tumbaya;Jujuy;433;Conectado
Tunuyan Silica;Tunuyán;Mendoza;31370;Conectado
Tupeli;25 de Mayo;San Juan;1243;Conectado
Unanue;Utracan;La Pampa;70;Conectado
Urdinarrain;Gualeguaychú;Entre Rios;8923;Conectado
Uriburu;Catriló;La Pampa;1004;Conectado
Urundel;Orán;Salta;3094;Conectado
Urutau;Copo;Santiago del Estero;148;Conectado
Valcheta;Valcheta;Rio Negro;4710;Conectado
Vallecito;Caucete;San Juan;432;Conectado
Vedia;Leandro N. Alem;Buenos Aires;8946;Conectado
Venado Tuerto;General Lopez;Santa Fe;77285;Conectado
Vera;Vera;Santa Fe;19223;Conectado
Viale;Paraná;Entre Rios;9683;Conectado
Vichigasta;Chilecito;La Rioja;3272;Conectado
Victoria;Victoria;Entre Rios;31373;Conectado
Victorica;Loventué;La Pampa;5694;Conectado
Vicuna Mackena;Río Cuarto;Cordoba;10387;Conectado
Viedma;Adolfo Alsina;Rio Negro;56431;Conectado
Vilelas;Juan F. Ibarra;Santiago del Estero;1780;Conectado
Villa Alsina;Baradero;Buenos Aires;1568;Conectado
Villa Atamisqui;Atamisqui;Santiago del Estero;3476;Conectado
Villa Atuel;San Rafael;Mendoza;3448;Conectado
Villa Belgrano;Juan B. Alberdi;Tucuman;1248;Conectado
Villa Borjas - La Chimbera;25 de Mayo;San Juan;5610;Conectado
Villa Campanario;Bariloche;Rio Negro;828;Conectado
Villa Castelar;Puan;Buenos Aires;30;Conectado
Villa Catedral;Bariloche;Rio Negro;98;Conectado
Villa Clara;Villaguay;Entre Rios;2741;Conectado
Villa Clodomiro Hileret;Rio Chico;Tucuman;725;Conectado
Villa Cordoba;Lavalle;Corrientes;614;Conectado
Villa de Leales;Leales;Tucuman;1284;Conectado
Villa de Soto;Cruz del Eje;Cordoba;10235;Conectado
Villa del Totoral;Totoral;Cordoba;8728;Conectado
Villa del Transito;San Justo;Cordoba;227;Conectado
Villa Dominguez;Villaguay;Entre Rios;1801;Conectado
Villa Dominguito;San Martín;San Juan;649;Conectado
Villa Don Bosco;San Martín;San Juan;2680;Conectado
Villa El Tango;25 de Mayo;San Juan;1454;Conectado
Villa Eloisa;Iriondo;Santa Fe;2845;Conectado
Villa Figueroa;Figueroa;Santiago del Estero;73;Conectado
Villa Fontana;Paraná;Entre Rios;985;Conectado
Villa Gdor. Luis F. Etchevehere;Paraná;Entre Rios;222;Conectado
Villa General San Martin;Albardon;San Juan;23920;Conectado
Villa General Savio;Ramallo;Buenos Aires;1611;Conectado
Villa Gesell;Villa Gesell;Buenos Aires;34136;Conectado
Villa Gutierrez;Ischilín;Cordoba;241;Conectado
Villa Ibañez;Ullum;San Juan;4616;Conectado
Villa Independencia;Caucete;San Juan;881;Conectado
Villa la Angostura;Los Lagos;Neuquen;13198;Conectado
Villa La Rivera;Iriondo;Santa Fe;342;Conectado
Villa Laguna La Brava;Balcarce;Buenos Aires;117;Conectado
Villa Libertador San Martin;Diamante;Entre Rios;6473;Conectado
Villa Llao Llao;Bariloche;Rio Negro;777;Conectado
Villa Los Coihues;Bariloche;Rio Negro;2126;Conectado
Villa Los Llanos;Colón;Cordoba;6272;Conectado
Villa Mantero;Uruguay;Entre Rios;1478;Conectado
Villa Maria;General San Martín;Cordoba;83239;Conectado
Villa Media Agua;Sarmiento;San Juan;8618;Conectado
Villa Mercedes;Jáchal;San Juan;1463;Conectado
Villa Mercedes;General Pedernera;San Luis;118966;Conectado
Villa Quinteros;Monteros;Tucuman;4429;Conectado
Villa Ramallo;Ramallo;Buenos Aires;12024;Conectado
Villa Ruiz;San Andrés de Giles;Buenos Aires;502;Conectado
Villa San Isidro;General Roca;Rio Negro;517;Conectado
Villa San Jose;Castellanos;Santa Fe;220;Conectado
Villa San Justo;Uruguay;Entre Rios;1384;Conectado
Villa San Marcial;Uruguay;Entre Rios;662;Conectado
Villa San Martin;San Martín;San Juan;1990;Conectado
Villa San Martin _Est Loreto;Loreto;Santiago del Estero;11546;Conectado
Villa Santa Rosa;25 de Mayo;San Juan;3680;Conectado
Villa Trinidad;San Cristóbal;Santa Fe;2685;Conectado
Villa Tulumaya;Lavalle;Mendoza;8433;Conectado
Villa Union;Coronel Felipe Varela;La Rioja;521;Conectado
Villa Vil;Belén;Catamarca;503;Conectado
Villaguay;Villaguay;Entre Rios;33062;Conectado
Villalonga;Patagones;Buenos Aires;4700;Conectado
Villanueva;General Paz;Buenos Aires;560;Conectado
Viña;Arrecifes;Buenos Aires;479;Conectado
Viñalito;Santa Bárbara;Jujuy;795;Conectado
Vista Alegre Norte;Confluencia;Neuquen;963;Conectado
Vista Alegre Sur;Confluencia;Neuquen;1628;Conectado
Volcan;Tumbaya;Jujuy;1134;Conectado
Winifreda;Conhelo;La Pampa;2183;Conectado
Yacuy;Gral.J. de San Martín;Salta;1793;Conectado
Yavi;Yavi;Jujuy;406;Conectado
Yavi Chico;Yavi;Jujuy;35;Conectado
Yerba Buena Tucuman cambia por San Pablo Catamarca ;Yerba Buena;Tucuman;62500;Conectado
Yuto;Ledesma;Jujuy;6553;Conectado
Zapala;Zapala;Neuquen;32434;Conectado
Zarate;Zárate;Buenos Aires;104827;Conectado
Zavalia;General Viamonte;Buenos Aires;331;Conectado
